scheduledFTEs,volume,aht,peakFactor,saving_fte_0.1
8,400,240,0,0
8,400,240,0.4,0.2
8,400,240,0.8,0.4
8,400,240,1.2,1.3
8,400,240,1.6,1.7
8,400,240,2,2.1
8,400,300,0,0
8,400,300,0.4,0.2
8,400,300,0.8,0.5
8,400,300,1.2,1.3
8,400,300,1.6,1.9
8,400,300,2,2.8
8,400,360,0,0
8,400,360,0.4,0.2
8,400,360,0.8,1
8,400,360,1.2,1.8
8,400,360,1.6,2.8
8,400,360,2,3.4
8,800,120,0,0
8,800,120,0.4,0.1
8,800,120,0.8,0.5
8,800,180,0,0
8,800,180,0.4,0.4
8,800,180,0.8,0.6
8,800,180,1.2,1.5
8,800,180,1.6,2.4
8,800,180,2,3.2
8,800,240,0,0
8,800,240,0.4,0.4
8,800,240,0.8,1.2
8,800,240,1.2,2.1
8,800,240,1.6,3.6
8,800,240,2,4.7
12,800,240,0,0
12,800,240,0.4,0.4
12,800,240,0.8,1.2
12,800,240,1.2,2.1
12,800,240,1.6,3.6
12,800,240,2,4.7
8,800,300,0,0
8,800,300,0.4,0.5
8,800,300,0.8,1.5
8,800,300,1.2,3
8,800,300,1.6,4.7
8,800,300,2,5.4
12,800,300,0,0
12,800,300,0.4,0.5
12,800,300,0.8,1.5
12,800,300,1.2,3
12,800,300,1.6,4.7
12,800,300,2,5.4
8,800,360,0,0
8,800,360,0.4,0.5
8,800,360,0.8,1.9
8,800,360,1.2,3.5
8,800,360,1.6,5.4
8,800,360,2,6.9
12,800,360,0,0
12,800,360,0.4,0.5
12,800,360,0.8,1.9
12,800,360,1.2,3.5
12,800,360,1.6,5.4
12,800,360,2,6.9
19,800,360,0,0
19,800,360,0.4,0.5
19,800,360,0.8,1.9
19,800,360,1.2,3.5
19,800,360,1.6,5.4
19,800,360,2,6.9
8,1200,120,0,0
8,1200,120,0.4,0.3
8,1200,120,0.8,0.7
8,1200,120,1.2,1.7
8,1200,120,1.6,2.5
8,1200,120,2,3.3
8,1200,180,0,0
8,1200,180,0.4,0.4
8,1200,180,0.8,1.5
8,1200,180,1.2,2.5
8,1200,180,1.6,4
8,1200,180,2,5
12,1200,180,0,0
12,1200,180,0.4,0.4
12,1200,180,0.8,1.5
12,1200,180,1.2,2.5
12,1200,180,1.6,4
12,1200,180,2,5
8,1200,240,0,0
8,1200,240,0.4,0.5
8,1200,240,0.8,1.8
8,1200,240,1.2,3.4
8,1200,240,1.6,5.1
8,1200,240,2,6.6
12,1200,240,0,0
12,1200,240,0.4,0.5
12,1200,240,0.8,1.8
12,1200,240,1.2,3.4
12,1200,240,1.6,5.1
12,1200,240,2,6.6
19,1200,240,0,0
19,1200,240,0.4,0.5
19,1200,240,0.8,1.8
19,1200,240,1.2,3.4
19,1200,240,1.6,5.1
19,1200,240,2,6.6
8,1200,300,0,0
8,1200,300,0.4,0.8
8,1200,300,0.8,2.4
8,1200,300,1.2,4.2
8,1200,300,1.6,6.6
8,1200,300,2,8.4
12,1200,300,0,0
12,1200,300,0.4,0.8
12,1200,300,0.8,2.4
12,1200,300,1.2,4.2
12,1200,300,1.6,6.6
12,1200,300,2,8.4
19,1200,300,0,0
19,1200,300,0.4,0.8
19,1200,300,0.8,2.4
19,1200,300,1.2,4.2
19,1200,300,1.6,6.6
19,1200,300,2,8.4
8,1200,360,0,0
8,1200,360,0.4,0.9
8,1200,360,0.8,2.8
8,1200,360,1.2,5.3
8,1200,360,1.6,8.4
8,1200,360,2,10.2
12,1200,360,0,0
12,1200,360,0.4,0.9
12,1200,360,0.8,2.8
12,1200,360,1.2,5.3
12,1200,360,1.6,8.4
12,1200,360,2,10.2
19,1200,360,0,0
19,1200,360,0.4,0.9
19,1200,360,0.8,2.8
19,1200,360,1.2,5.3
19,1200,360,1.6,8.4
19,1200,360,2,10.2
8,2000,120,0,0
8,2000,120,0.4,0.4
8,2000,120,0.8,1.3
8,2000,120,1.2,2.7
8,2000,120,1.6,4.3
8,2000,120,2,5.4
12,2000,120,0,0
12,2000,120,0.4,0.4
12,2000,120,0.8,1.3
12,2000,120,1.2,2.7
12,2000,120,1.6,4.3
12,2000,120,2,5.4
8,2000,180,0,0
8,2000,180,0.4,0.8
8,2000,180,0.8,2.3
8,2000,180,1.2,4.4
8,2000,180,1.6,7
8,2000,180,2,8.7
12,2000,180,0,0
12,2000,180,0.4,0.8
12,2000,180,0.8,2.3
12,2000,180,1.2,4.4
12,2000,180,1.6,7
12,2000,180,2,8.7
19,2000,180,0,0
19,2000,180,0.4,0.8
19,2000,180,0.8,2.3
19,2000,180,1.2,4.4
19,2000,180,1.6,7
19,2000,180,2,8.7
8,2000,240,0,0
8,2000,240,0.4,1.1
8,2000,240,0.8,3.3
8,2000,240,1.2,5.8
8,2000,240,1.6,9
8,2000,240,2,12
12,2000,240,0,0
12,2000,240,0.4,1.1
12,2000,240,0.8,3.3
12,2000,240,1.2,5.8
12,2000,240,1.6,9
12,2000,240,2,12
19,2000,240,0,0
19,2000,240,0.4,1.1
19,2000,240,0.8,3.3
19,2000,240,1.2,5.8
19,2000,240,1.6,9
19,2000,240,2,12
30,2000,240,0,0
30,2000,240,0.4,1.1
30,2000,240,0.8,3.3
30,2000,240,1.2,5.8
30,2000,240,1.6,9
30,2000,240,2,12
8,2000,300,0,0
8,2000,300,0.4,1.5
8,2000,300,0.8,4.5
8,2000,300,1.2,7.8
8,2000,300,1.6,11.6
8,2000,300,2,14.9
12,2000,300,0,0
12,2000,300,0.4,1.5
12,2000,300,0.8,4.5
12,2000,300,1.2,7.8
12,2000,300,1.6,11.6
12,2000,300,2,14.9
19,2000,300,0,0
19,2000,300,0.4,1.5
19,2000,300,0.8,4.5
19,2000,300,1.2,7.8
19,2000,300,1.6,11.6
19,2000,300,2,14.9
30,2000,300,0,0
30,2000,300,0.4,1.5
30,2000,300,0.8,4.5
30,2000,300,1.2,7.8
30,2000,300,1.6,11.6
30,2000,300,2,14.9
8,2000,360,0,0
8,2000,360,0.4,1.7
8,2000,360,0.8,5.2
8,2000,360,1.2,9.3
8,2000,360,1.6,13.8
8,2000,360,2,18
12,2000,360,0,0
12,2000,360,0.4,1.7
12,2000,360,0.8,5.2
12,2000,360,1.2,9.3
12,2000,360,1.6,13.8
12,2000,360,2,18
19,2000,360,0,0
19,2000,360,0.4,1.7
19,2000,360,0.8,5.2
19,2000,360,1.2,9.3
19,2000,360,1.6,13.8
19,2000,360,2,18
30,2000,360,0,0
30,2000,360,0.4,1.7
30,2000,360,0.8,5.2
30,2000,360,1.2,9.3
30,2000,360,1.6,13.8
30,2000,360,2,18
45,2000,360,0,0
45,2000,360,0.4,1.7
45,2000,360,0.8,5.2
45,2000,360,1.2,9.3
8,3000,120,0,0
8,3000,120,0.4,0.7
8,3000,120,0.8,2.6
8,3000,120,1.2,4.4
8,3000,120,1.6,6.7
8,3000,120,2,9
12,3000,120,0,0
12,3000,120,0.4,0.7
12,3000,120,0.8,2.6
12,3000,120,1.2,4.4
12,3000,120,1.6,6.7
12,3000,120,2,9
19,3000,120,0,0
19,3000,120,0.4,0.7
19,3000,120,0.8,2.6
19,3000,120,1.2,4.4
19,3000,120,1.6,6.7
19,3000,120,2,9
8,3000,180,0,0
8,3000,180,0.4,1.2
8,3000,180,0.8,4.1
8,3000,180,1.2,7.2
8,3000,180,1.6,10.5
8,3000,180,2,13.7
12,3000,180,0,0
12,3000,180,0.4,1.2
12,3000,180,0.8,4.1
12,3000,180,1.2,7.2
12,3000,180,1.6,10.5
12,3000,180,2,13.7
19,3000,180,0,0
19,3000,180,0.4,1.2
19,3000,180,0.8,4.1
19,3000,180,1.2,7.2
19,3000,180,1.6,10.5
19,3000,180,2,13.7
30,3000,180,0,0
30,3000,180,0.4,1.2
30,3000,180,0.8,4.1
30,3000,180,1.2,7.2
30,3000,180,1.6,10.5
30,3000,180,2,13.7
8,3000,240,0,0
8,3000,240,0.4,1.8
8,3000,240,0.8,5.6
8,3000,240,1.2,9.6
8,3000,240,1.6,13.8
8,3000,240,2,18.4
12,3000,240,0,0
12,3000,240,0.4,1.8
12,3000,240,0.8,5.6
12,3000,240,1.2,9.6
12,3000,240,1.6,13.8
12,3000,240,2,18.4
19,3000,240,0,0
19,3000,240,0.4,1.8
19,3000,240,0.8,5.6
19,3000,240,1.2,9.6
19,3000,240,1.6,13.8
19,3000,240,2,18.4
30,3000,240,0,0
30,3000,240,0.4,1.8
30,3000,240,0.8,5.6
30,3000,240,1.2,9.6
30,3000,240,1.6,13.8
30,3000,240,2,18.4
8,3000,300,0,0
8,3000,300,0.4,2.1
8,3000,300,0.8,6.7
8,3000,300,1.2,12.2
8,3000,300,1.6,17.7
8,3000,300,2,22.5
12,3000,300,0,0
12,3000,300,0.4,2.1
12,3000,300,0.8,6.7
12,3000,300,1.2,12.2
12,3000,300,1.6,17.7
12,3000,300,2,22.5
19,3000,300,0,0
19,3000,300,0.4,2.1
19,3000,300,0.8,6.7
19,3000,300,1.2,12.2
19,3000,300,1.6,17.7
19,3000,300,2,22.5
30,3000,300,0,0
30,3000,300,0.4,2.1
30,3000,300,0.8,6.7
30,3000,300,1.2,12.2
30,3000,300,1.6,17.7
30,3000,300,2,22.5
45,3000,300,0,0
45,3000,300,0.4,2.1
45,3000,300,0.8,6.7
45,3000,300,1.2,12.2
45,3000,300,1.6,17.7
45,3000,300,2,22.5
8,3000,360,0,0
8,3000,360,0.4,3.1
8,3000,360,0.8,8.5
8,3000,360,1.2,14.7
8,3000,360,1.6,21.8
8,3000,360,2,27.3
12,3000,360,0,0
12,3000,360,0.4,3.1
12,3000,360,0.8,8.5
12,3000,360,1.2,14.7
12,3000,360,1.6,21.8
12,3000,360,2,27.3
19,3000,360,0,0
19,3000,360,0.4,3.1
19,3000,360,0.8,8.5
19,3000,360,1.2,14.7
19,3000,360,1.6,21.8
19,3000,360,2,27.3
30,3000,360,0,0
30,3000,360,0.4,3.1
30,3000,360,0.8,8.5
30,3000,360,1.2,14.7
30,3000,360,1.6,21.8
30,3000,360,2,27.3
45,3000,360,0,0
45,3000,360,0.4,3.1
45,3000,360,0.8,8.5
45,3000,360,1.2,14.7
45,3000,360,1.6,21.8
45,3000,360,2,27.3
8,4000,120,0,0
8,4000,120,0.4,1.1
8,4000,120,0.8,3.6
8,4000,120,1.2,6
8,4000,120,1.6,9
8,4000,120,2,11.7
12,4000,120,0,0
12,4000,120,0.4,1.1
12,4000,120,0.8,3.6
12,4000,120,1.2,6
12,4000,120,1.6,9
12,4000,120,2,11.7
19,4000,120,0,0
19,4000,120,0.4,1.1
19,4000,120,0.8,3.6
19,4000,120,1.2,6
19,4000,120,1.6,9
19,4000,120,2,11.7
30,4000,120,0,0
30,4000,120,0.4,1.1
30,4000,120,0.8,3.6
30,4000,120,1.2,6
8,4000,180,0,0
8,4000,180,0.4,1.8
8,4000,180,0.8,5.4
8,4000,180,1.2,9.5
8,4000,180,1.6,14.2
8,4000,180,2,17.9
12,4000,180,0,0
12,4000,180,0.4,1.8
12,4000,180,0.8,5.4
12,4000,180,1.2,9.5
12,4000,180,1.6,14.2
12,4000,180,2,17.9
19,4000,180,0,0
19,4000,180,0.4,1.8
19,4000,180,0.8,5.4
19,4000,180,1.2,9.5
19,4000,180,1.6,14.2
19,4000,180,2,17.9
30,4000,180,0,0
30,4000,180,0.4,1.8
30,4000,180,0.8,5.4
30,4000,180,1.2,9.5
30,4000,180,1.6,14.2
30,4000,180,2,17.9
8,4000,240,0,0
8,4000,240,0.4,2.9
8,4000,240,0.8,7.5
8,4000,240,1.2,12.9
8,4000,240,1.6,19.2
8,4000,240,2,24.8
12,4000,240,0,0
12,4000,240,0.4,2.9
12,4000,240,0.8,7.5
12,4000,240,1.2,12.9
12,4000,240,1.6,19.2
12,4000,240,2,24.8
19,4000,240,0,0
19,4000,240,0.4,2.9
19,4000,240,0.8,7.5
19,4000,240,1.2,12.9
19,4000,240,1.6,19.2
19,4000,240,2,24.8
30,4000,240,0,0
30,4000,240,0.4,2.9
30,4000,240,0.8,7.5
30,4000,240,1.2,12.9
30,4000,240,1.6,19.2
30,4000,240,2,24.8
45,4000,240,0,0
45,4000,240,0.4,2.9
45,4000,240,0.8,7.5
45,4000,240,1.2,12.9
45,4000,240,1.6,19.2
45,4000,240,2,24.8
8,4000,300,0,0
8,4000,300,0.4,3.4
8,4000,300,0.8,9.6
8,4000,300,1.2,16.8
8,4000,300,1.6,24.6
8,4000,300,2,31
12,4000,300,0,0
12,4000,300,0.4,3.4
12,4000,300,0.8,9.6
12,4000,300,1.2,16.8
12,4000,300,1.6,24.6
12,4000,300,2,31
19,4000,300,0,0
19,4000,300,0.4,3.4
19,4000,300,0.8,9.6
19,4000,300,1.2,16.8
19,4000,300,1.6,24.6
19,4000,300,2,31
30,4000,300,0,0
30,4000,300,0.4,3.4
30,4000,300,0.8,9.6
30,4000,300,1.2,16.8
30,4000,300,1.6,24.6
30,4000,300,2,31
45,4000,300,0,0
45,4000,300,0.4,3.4
45,4000,300,0.8,9.6
45,4000,300,1.2,16.8
45,4000,300,1.6,24.6
45,4000,300,2,31
70,4000,300,0,0
70,4000,300,0.4,3.4
70,4000,300,0.8,9.6
70,4000,300,1.2,16.8
70,4000,300,1.6,24.6
70,4000,300,2,31
8,4000,360,0,0
8,4000,360,0.4,4.4
8,4000,360,0.8,12.1
8,4000,360,1.2,20.4
8,4000,360,1.6,29.2
8,4000,360,2,37.2
12,4000,360,0,0
12,4000,360,0.4,4.4
12,4000,360,0.8,12.1
12,4000,360,1.2,20.4
12,4000,360,1.6,29.2
12,4000,360,2,37.2
19,4000,360,0,0
19,4000,360,0.4,4.4
19,4000,360,0.8,12.1
19,4000,360,1.2,20.4
19,4000,360,1.6,29.2
19,4000,360,2,37.2
30,4000,360,0,0
30,4000,360,0.4,4.4
30,4000,360,0.8,12.1
30,4000,360,1.2,20.4
30,4000,360,1.6,29.2
30,4000,360,2,37.2
45,4000,360,0,0
45,4000,360,0.4,4.4
45,4000,360,0.8,12.1
45,4000,360,1.2,20.4
45,4000,360,1.6,29.2
45,4000,360,2,37.2
70,4000,360,0,0
70,4000,360,0.4,4.4
70,4000,360,0.8,12.1
70,4000,360,1.2,20.4
70,4000,360,1.6,29.2
70,4000,360,2,37.2
8,6000,120,0,0
8,6000,120,0.4,1.8
8,6000,120,0.8,5.5
8,6000,120,1.2,10
8,6000,120,1.6,14.1
8,6000,120,2,18
12,6000,120,0,0
12,6000,120,0.4,1.8
12,6000,120,0.8,5.5
12,6000,120,1.2,10
12,6000,120,1.6,14.1
12,6000,120,2,18
19,6000,120,0,0
19,6000,120,0.4,1.8
19,6000,120,0.8,5.5
19,6000,120,1.2,10
19,6000,120,1.6,14.1
19,6000,120,2,18
30,6000,120,0,0
30,6000,120,0.4,1.8
30,6000,120,0.8,5.5
30,6000,120,1.2,10
30,6000,120,1.6,14.1
30,6000,120,2,18
8,6000,180,0,0
8,6000,180,0.4,3
8,6000,180,0.8,9
8,6000,180,1.2,15.3
8,6000,180,1.6,21.7
8,6000,180,2,28
12,6000,180,0,0
12,6000,180,0.4,3
12,6000,180,0.8,9
12,6000,180,1.2,15.3
12,6000,180,1.6,21.7
12,6000,180,2,28
19,6000,180,0,0
19,6000,180,0.4,3
19,6000,180,0.8,9
19,6000,180,1.2,15.3
19,6000,180,1.6,21.7
19,6000,180,2,28
30,6000,180,0,0
30,6000,180,0.4,3
30,6000,180,0.8,9
30,6000,180,1.2,15.3
30,6000,180,1.6,21.7
30,6000,180,2,28
45,6000,180,0,0
45,6000,180,0.4,3
45,6000,180,0.8,9
45,6000,180,1.2,15.3
45,6000,180,1.6,21.7
45,6000,180,2,28
8,6000,240,0,0
8,6000,240,0.4,4.3
8,6000,240,0.8,12.1
8,6000,240,1.2,20.7
8,6000,240,1.6,30
8,6000,240,2,37.2
12,6000,240,0,0
12,6000,240,0.4,4.3
12,6000,240,0.8,12.1
12,6000,240,1.2,20.7
12,6000,240,1.6,30
12,6000,240,2,37.2
19,6000,240,0,0
19,6000,240,0.4,4.3
19,6000,240,0.8,12.1
19,6000,240,1.2,20.7
19,6000,240,1.6,30
19,6000,240,2,37.2
30,6000,240,0,0
30,6000,240,0.4,4.3
30,6000,240,0.8,12.1
30,6000,240,1.2,20.7
30,6000,240,1.6,30
30,6000,240,2,37.2
45,6000,240,0,0
45,6000,240,0.4,4.3
45,6000,240,0.8,12.1
45,6000,240,1.2,20.7
45,6000,240,1.6,30
45,6000,240,2,37.2
70,6000,240,0,0
70,6000,240,0.4,4.3
70,6000,240,0.8,12.1
70,6000,240,1.2,20.7
70,6000,240,1.6,30
70,6000,240,2,37.2
8,6000,300,0,0
8,6000,300,0.4,5.5
8,6000,300,0.8,15.5
8,6000,300,1.2,26.3
8,6000,300,1.6,37.3
8,6000,300,2,46.7
12,6000,300,0,0
12,6000,300,0.4,5.5
12,6000,300,0.8,15.5
12,6000,300,1.2,26.3
12,6000,300,1.6,37.3
12,6000,300,2,46.7
19,6000,300,0,0
19,6000,300,0.4,5.5
19,6000,300,0.8,15.5
19,6000,300,1.2,26.3
19,6000,300,1.6,37.3
19,6000,300,2,46.7
30,6000,300,0,0
30,6000,300,0.4,5.5
30,6000,300,0.8,15.5
30,6000,300,1.2,26.3
30,6000,300,1.6,37.3
30,6000,300,2,46.7
45,6000,300,0,0
45,6000,300,0.4,5.5
45,6000,300,0.8,15.5
45,6000,300,1.2,26.3
45,6000,300,1.6,37.3
45,6000,300,2,46.7
70,6000,300,0,0
70,6000,300,0.4,5.5
70,6000,300,0.8,15.5
70,6000,300,1.2,26.3
70,6000,300,1.6,37.3
70,6000,300,2,46.7
100,6000,300,0,0
100,6000,300,0.4,5.5
100,6000,300,0.8,15.5
100,6000,300,1.2,26.3
100,6000,300,1.6,37.3
100,6000,300,2,46.7
8,6000,360,0,0
8,6000,360,0.4,7.3
8,6000,360,0.8,18.8
8,6000,360,1.2,31.9
8,6000,360,1.6,45.1
8,6000,360,2,56
12,6000,360,0,0
12,6000,360,0.4,7.3
12,6000,360,0.8,18.8
12,6000,360,1.2,31.9
12,6000,360,1.6,45.1
12,6000,360,2,56
19,6000,360,0,0
19,6000,360,0.4,7.3
19,6000,360,0.8,18.8
19,6000,360,1.2,31.9
19,6000,360,1.6,45.1
19,6000,360,2,56
30,6000,360,0,0
30,6000,360,0.4,7.3
30,6000,360,0.8,18.8
30,6000,360,1.2,31.9
30,6000,360,1.6,45.1
30,6000,360,2,56
45,6000,360,0,0
45,6000,360,0.4,7.3
45,6000,360,0.8,18.8
45,6000,360,1.2,31.9
45,6000,360,1.6,45.1
45,6000,360,2,56
70,6000,360,0,0
70,6000,360,0.4,7.3
70,6000,360,0.8,18.8
70,6000,360,1.2,31.9
70,6000,360,1.6,45.1
70,6000,360,2,56
100,6000,360,0,0
100,6000,360,0.4,7.3
100,6000,360,0.8,18.8
100,6000,360,1.2,31.9
100,6000,360,1.6,45.1
100,6000,360,2,56
