F,u,aht,peakFactor,volume,regime,naive,residual,save
8,0.7,180,0.4,591,capacity,0.9,0.9,0
8,0.7,180,0.8,591,mixed,1.6,0.8,0.8
8,0.7,180,1.2,591,mixed,2,0.7,1.3
8,0.7,180,1.6,591,mixed,2.3,0.7,1.6
8,0.7,180,2,591,mixed,3.2,0.7,2.5
8,0.7,240,0.4,444,mixed,1.1,1,0.1
8,0.7,240,0.8,444,mixed,1.7,1,0.7
8,0.7,240,1.2,444,mixed,2.1,0.9,1.2
8,0.7,240,1.6,444,mixed,3,0.8,2.2
8,0.7,240,2,444,mixed,3.2,0.9,2.3
8,0.7,300,0.4,355,capacity,1.2,1.1,0.1
8,0.7,300,0.8,355,mixed,1.7,1,0.7
8,0.7,300,1.2,355,mixed,2.2,0.9,1.3
8,0.7,300,1.6,355,mixed,3,0.8,2.2
8,0.7,300,2,355,mixed,3.3,0.9,2.4
8,0.75,180,0.4,634,capacity,1.6,1.4,0.2
8,0.75,180,0.8,634,capacity,2,1.3,0.7
8,0.75,180,1.2,634,mixed,2.3,1.3,1
8,0.75,180,1.6,634,mixed,3.2,1.2,2
8,0.75,180,2,634,mixed,3.7,1.2,2.5
8,0.75,240,0.4,475,capacity,1.7,1.5,0.2
8,0.75,240,0.8,475,mixed,2.1,1.4,0.7
8,0.75,240,1.2,475,mixed,2.4,1.4,1
8,0.75,240,1.6,475,mixed,3.3,1.3,2
8,0.75,240,2,475,mixed,3.7,1.3,2.4
8,0.75,300,0.4,380,capacity,1.8,1.6,0.2
8,0.75,300,0.8,380,mixed,2.1,1.5,0.6
8,0.75,300,1.2,380,mixed,2.9,1.5,1.4
8,0.75,300,1.6,380,mixed,3.4,1.4,2
8,0.75,300,2,380,mixed,3.8,1.4,2.4
8,0.8,180,0.4,676,mixed,2.1,1.9,0.2
8,0.8,180,0.8,676,mixed,2.3,1.9,0.4
8,0.8,180,1.2,676,mixed,3.2,1.8,1.4
8,0.8,180,1.6,676,mixed,3.7,1.7,2
8,0.8,180,2,676,mixed,4.6,1.7,2.9
8,0.8,240,0.4,507,mixed,2.1,1.9,0.2
8,0.8,240,0.8,507,mixed,2.4,1.9,0.5
8,0.8,240,1.2,507,mixed,3.2,1.9,1.3
8,0.8,240,1.6,507,mixed,3.8,1.8,2
8,0.8,240,2,507,mixed,4.6,1.9,2.7
8,0.8,300,0.4,406,mixed,2.2,2,0.2
8,0.8,300,0.8,406,mixed,2.6,1.9,0.7
8,0.8,300,1.2,406,mixed,3.3,1.9,1.4
8,0.8,300,1.6,406,mixed,3.8,1.9,1.9
8,0.8,300,2,406,mixed,4.7,1.9,2.8
8,0.85,180,0.4,718,capacity,2.4,2.3,0.1
8,0.85,180,0.8,718,mixed,3.1,2.2,0.9
8,0.85,180,1.2,718,mixed,3.7,2.2,1.5
8,0.85,180,1.6,718,mixed,4.6,2,2.6
8,0.85,180,2,718,mixed,5.2,2.1,3.1
8,0.85,240,0.4,539,capacity,2.5,2.4,0.1
8,0.85,240,0.8,539,mixed,3.2,2.4,0.8
8,0.85,240,1.2,539,mixed,3.7,2.3,1.4
8,0.85,240,1.6,539,mixed,4.6,2.2,2.4
8,0.85,240,2,539,mixed,5.3,2.2,3.1
8,0.85,300,0.4,431,capacity,2.7,2.5,0.2
8,0.85,300,0.8,431,mixed,3.3,2.4,0.9
8,0.85,300,1.2,431,mixed,3.7,2.4,1.3
8,0.85,300,1.6,431,mixed,4.7,2.3,2.4
8,0.85,300,2,431,mixed,5.3,2.3,3
8,0.9,180,0.4,760,mixed,3.1,2.8,0.3
8,0.9,180,0.8,760,mixed,3.7,2.7,1
8,0.9,180,1.2,760,mixed,4.4,2.7,1.7
8,0.9,180,1.6,760,mixed,5.2,2.5,2.7
8,0.9,180,2,760,mixed,6,2.6,3.4
8,0.9,240,0.4,570,mixed,3.2,2.9,0.3
8,0.9,240,0.8,570,mixed,3.7,2.9,0.8
8,0.9,240,1.2,570,mixed,4.5,2.8,1.7
8,0.9,240,1.6,570,mixed,5.2,2.7,2.5
8,0.9,240,2,570,mixed,6,2.7,3.3
8,0.9,300,0.4,456,mixed,3.3,3,0.3
8,0.9,300,0.8,456,mixed,3.7,3,0.7
8,0.9,300,1.2,456,mixed,4.6,2.9,1.7
8,0.9,300,1.6,456,mixed,5.3,2.8,2.5
8,0.9,300,2,456,mixed,6.1,2.8,3.3
8,0.95,180,0.4,803,capacity,3.6,3.3,0.3
8,0.95,180,0.8,803,capacity,3.8,3.3,0.5
8,0.95,180,1.2,803,mixed,4.8,3.2,1.6
8,0.95,180,1.6,803,mixed,5.4,3.1,2.3
8,0.95,180,2,803,mixed,6.3,3.1,3.2
8,0.95,240,0.4,602,capacity,3.7,3.4,0.3
8,0.95,240,0.8,602,capacity,4,3.4,0.6
8,0.95,240,1.2,602,mixed,4.9,3.3,1.6
8,0.95,240,1.6,602,mixed,6,3.2,2.8
8,0.95,240,2,602,mixed,6.6,3.2,3.4
8,0.95,300,0.4,482,capacity,3.7,3.5,0.2
8,0.95,300,0.8,482,mixed,4.4,3.5,0.9
8,0.95,300,1.2,482,mixed,5.1,3.4,1.7
8,0.95,300,1.6,482,mixed,6,3.3,2.7
8,0.95,300,2,482,mixed,6.7,3.3,3.4
8,1,180,0.4,845,capacity,3.8,3.7,0.1
8,1,180,0.8,845,mixed,4.6,3.7,0.9
8,1,180,1.2,845,mixed,5.3,3.7,1.6
8,1,180,1.6,845,mixed,6.2,3.5,2.7
8,1,180,2,845,mixed,6.9,3.5,3.4
8,1,240,0.4,634,capacity,4,3.8,0.2
8,1,240,0.8,634,mixed,4.7,3.8,0.9
8,1,240,1.2,634,mixed,5.4,3.7,1.7
8,1,240,1.6,634,mixed,6.3,3.7,2.6
8,1,240,2,634,mixed,7,3.7,3.3
8,1,300,0.4,507,mixed,4.1,3.9,0.2
8,1,300,0.8,507,mixed,4.8,3.9,0.9
8,1,300,1.2,507,mixed,5.4,3.8,1.6
8,1,300,1.6,507,mixed,6.5,3.7,2.8
8,1,300,2,507,mixed,7.5,3.7,3.8
8,1.05,180,0.4,887,capacity,4.6,4.2,0.4
8,1.05,180,0.8,887,mixed,5.2,4.1,1.1
8,1.05,180,1.2,887,mixed,6.1,4,2.1
8,1.05,180,1.6,887,mixed,6.8,3.9,2.9
8,1.05,180,2,887,mixed,7.6,3.9,3.7
8,1.05,240,0.4,665,capacity,4.7,4.3,0.4
8,1.05,240,0.8,665,mixed,5.3,4.3,1
8,1.05,240,1.2,665,mixed,6.1,4.2,1.9
8,1.05,240,1.6,665,mixed,6.9,4,2.9
8,1.05,240,2,665,mixed,7.7,4.1,3.6
8,1.05,300,0.4,532,capacity,4.7,4.4,0.3
8,1.05,300,0.8,532,mixed,5.3,4.4,0.9
8,1.05,300,1.2,532,mixed,6.2,4.3,1.9
8,1.05,300,1.6,532,mixed,6.9,4.2,2.7
8,1.05,300,2,532,mixed,7.8,4.2,3.6
8,1.1,180,0.4,929,capacity,5,4.6,0.4
8,1.1,180,0.8,929,mixed,5.4,4.6,0.8
8,1.1,180,1.2,929,mixed,6.5,4.5,2
8,1.1,180,1.6,929,mixed,7.6,4.4,3.2
8,1.1,180,2,929,mixed,8.3,4.4,3.9
8,1.1,240,0.4,697,mixed,5.2,4.8,0.4
8,1.1,240,0.8,697,mixed,5.9,4.8,1.1
8,1.1,240,1.2,697,mixed,6.7,4.7,2
8,1.1,240,1.6,697,mixed,7.6,4.6,3
8,1.1,240,2,697,mixed,8.3,4.6,3.7
8,1.1,300,0.4,558,mixed,5.2,4.9,0.3
8,1.1,300,0.8,558,mixed,6,4.9,1.1
8,1.1,300,1.2,558,mixed,6.8,4.8,2
8,1.1,300,1.6,558,mixed,7.7,4.7,3
8,1.1,300,2,558,mixed,8.4,4.7,3.7
12,0.7,180,0.4,887,capacity,0.6,0.2,0.4
12,0.7,180,0.8,887,mixed,1.2,0.1,1.1
12,0.7,180,1.2,887,distribution,,,
12,0.7,180,1.6,887,distribution,,,
12,0.7,180,2,887,distribution,,,
12,0.7,240,0.4,665,capacity,0.7,0.3,0.4
12,0.7,240,0.8,665,mixed,1.3,0.3,1
12,0.7,240,1.2,665,mixed,2.1,0.2,1.9
12,0.7,240,1.6,665,distribution,,,
12,0.7,240,2,665,mixed,3.7,0.1,3.6
12,0.7,300,0.4,532,capacity,0.7,0.4,0.3
12,0.7,300,0.8,532,mixed,1.3,0.4,0.9
12,0.7,300,1.2,532,mixed,2.2,0.3,1.9
12,0.7,300,1.6,532,mixed,2.9,0.2,2.7
12,0.7,300,2,532,mixed,3.8,0.2,3.6
12,0.75,180,0.4,950,mixed,1.2,0.9,0.3
12,0.75,180,0.8,950,mixed,2,0.9,1.1
12,0.75,180,1.2,950,mixed,2.8,0.8,2
12,0.75,180,1.6,950,mixed,3.7,0.6,3.1
12,0.75,180,2,950,mixed,4.4,0.6,3.8
12,0.75,240,0.4,713,capacity,1.3,1.1,0.2
12,0.75,240,0.8,713,mixed,2.1,1,1.1
12,0.75,240,1.2,713,mixed,2.8,0.9,1.9
12,0.75,240,1.6,713,mixed,3.8,0.8,3
12,0.75,240,2,713,mixed,5,0.8,4.2
12,0.75,300,0.4,570,capacity,1.4,1.2,0.2
12,0.75,300,0.8,570,mixed,2.1,1.1,1
12,0.75,300,1.2,570,mixed,2.9,1,1.9
12,0.75,300,1.6,570,mixed,3.9,0.9,3
12,0.75,300,2,570,mixed,5,0.9,4.1
12,0.8,180,0.4,1014,capacity,2,1.5,0.5
12,0.8,180,0.8,1014,mixed,2.7,1.5,1.2
12,0.8,180,1.2,1014,mixed,3.6,1.4,2.2
12,0.8,180,1.6,1014,mixed,4.4,1.4,3
12,0.8,180,2,1014,mixed,5.6,1.3,4.3
12,0.8,240,0.4,760,mixed,2.1,1.7,0.4
12,0.8,240,0.8,760,mixed,2.8,1.6,1.2
12,0.8,240,1.2,760,mixed,3.7,1.6,2.1
12,0.8,240,1.6,760,mixed,5,1.4,3.6
12,0.8,240,2,760,mixed,5.8,1.4,4.4
12,0.8,300,0.4,608,mixed,2.2,1.8,0.4
12,0.8,300,0.8,608,mixed,2.8,1.8,1
12,0.8,300,1.2,608,mixed,3.8,1.7,2.1
12,0.8,300,1.6,608,mixed,5,1.5,3.5
12,0.8,300,2,608,mixed,5.8,1.5,4.3
12,0.85,180,0.4,1077,capacity,2.7,2.3,0.4
12,0.85,180,0.8,1077,mixed,3.5,2.2,1.3
12,0.85,180,1.2,1077,mixed,4.3,2.1,2.2
12,0.85,180,1.6,1077,mixed,5.6,2,3.6
12,0.85,180,2,1077,mixed,6.7,2,4.7
12,0.85,240,0.4,808,capacity,2.8,2.5,0.3
12,0.85,240,0.8,808,mixed,3.6,2.4,1.2
12,0.85,240,1.2,808,mixed,4.4,2.3,2.1
12,0.85,240,1.6,808,mixed,5.7,2.1,3.6
12,0.85,240,2,808,mixed,6.7,2.2,4.5
12,0.85,300,0.4,646,capacity,2.8,2.6,0.2
12,0.85,300,0.8,646,mixed,3.7,2.5,1.2
12,0.85,300,1.2,646,mixed,4.5,2.4,2.1
12,0.85,300,1.6,646,mixed,5.8,2.2,3.6
12,0.85,300,2,646,mixed,6.8,2.2,4.6
12,0.9,180,0.4,1140,mixed,3.4,3,0.4
12,0.9,180,0.8,1140,mixed,4.2,2.9,1.3
12,0.9,180,1.2,1140,mixed,5.2,2.9,2.3
12,0.9,180,1.6,1140,mixed,6.6,2.7,3.9
12,0.9,180,2,1140,mixed,7.3,2.7,4.6
12,0.9,240,0.4,855,capacity,3.5,3.1,0.4
12,0.9,240,0.8,855,mixed,4.3,3.1,1.2
12,0.9,240,1.2,855,mixed,5.3,3,2.3
12,0.9,240,1.6,855,mixed,6.7,2.9,3.8
12,0.9,240,2,855,mixed,7.4,2.8,4.6
12,0.9,300,0.4,684,capacity,3.6,3.2,0.4
12,0.9,300,0.8,684,mixed,4.3,3.2,1.1
12,0.9,300,1.2,684,mixed,5.5,3.1,2.4
12,0.9,300,1.6,684,mixed,6.8,3,3.8
12,0.9,300,2,684,mixed,8.1,3,5.1
12,0.95,180,0.4,1204,mixed,4.1,3.6,0.5
12,0.95,180,0.8,1204,mixed,5,3.6,1.4
12,0.95,180,1.2,1204,mixed,5.9,3.5,2.4
12,0.95,180,1.6,1204,mixed,7.3,3.3,4
12,0.95,180,2,1204,mixed,8.3,3.3,5
12,0.95,240,0.4,903,mixed,4.2,3.8,0.4
12,0.95,240,0.8,903,mixed,5.1,3.8,1.3
12,0.95,240,1.2,903,mixed,6,3.7,2.3
12,0.95,240,1.6,903,mixed,7.4,3.5,3.9
12,0.95,240,2,903,mixed,8.7,3.5,5.2
12,0.95,300,0.4,722,mixed,4.3,3.9,0.4
12,0.95,300,0.8,722,mixed,5.2,3.9,1.3
12,0.95,300,1.2,722,mixed,6.6,3.8,2.8
12,0.95,300,1.6,722,mixed,7.4,3.6,3.8
12,0.95,300,2,722,mixed,8.7,3.6,5.1
12,1,180,0.4,1267,capacity,4.6,4.3,0.3
12,1,180,0.8,1267,mixed,5.7,4.3,1.4
12,1,180,1.2,1267,mixed,6.8,4.2,2.6
12,1,180,1.6,1267,mixed,8.2,4,4.2
12,1,180,2,1267,mixed,9.6,4,5.6
12,1,240,0.4,950,capacity,5,4.5,0.5
12,1,240,0.8,950,mixed,5.8,4.5,1.3
12,1,240,1.2,950,mixed,7.1,4.4,2.7
12,1,240,1.6,950,mixed,8.3,4.2,4.1
12,1,240,2,950,mixed,9.7,4.2,5.5
12,1,300,0.4,760,mixed,5.1,4.6,0.5
12,1,300,0.8,760,mixed,5.9,4.6,1.3
12,1,300,1.2,760,mixed,7.2,4.5,2.7
12,1,300,1.6,760,mixed,8.4,4.4,4
12,1,300,2,760,mixed,9.7,4.3,5.4
12,1.05,180,0.4,1331,mixed,5.4,5,0.4
12,1.05,180,0.8,1331,mixed,6.6,5,1.6
12,1.05,180,1.2,1331,mixed,7.5,4.9,2.6
12,1.05,180,1.6,1331,mixed,8.9,4.8,4.1
12,1.05,180,2,1331,mixed,10.4,4.7,5.7
12,1.05,240,0.4,998,capacity,5.7,5.1,0.6
12,1.05,240,0.8,998,mixed,6.7,5.1,1.6
12,1.05,240,1.2,998,mixed,8.1,5,3.1
12,1.05,240,1.6,998,mixed,9.6,5,4.6
12,1.05,240,2,998,mixed,10.4,4.9,5.5
12,1.05,300,0.4,798,capacity,5.7,5.3,0.4
12,1.05,300,0.8,798,mixed,6.8,5.2,1.6
12,1.05,300,1.2,798,mixed,8.2,5.1,3.1
12,1.05,300,1.6,798,mixed,9.6,5,4.6
12,1.05,300,2,798,mixed,10.4,5,5.4
12,1.1,180,0.4,1394,capacity,6,5.6,0.4
12,1.1,180,0.8,1394,mixed,7.2,5.6,1.6
12,1.1,180,1.2,1394,mixed,8.4,5.5,2.9
12,1.1,180,1.6,1394,mixed,9.9,5.4,4.5
12,1.1,180,2,1394,mixed,11.2,5.3,5.9
12,1.1,240,0.4,1045,mixed,6.5,5.8,0.7
12,1.1,240,0.8,1045,mixed,7.3,5.8,1.5
12,1.1,240,1.2,1045,mixed,8.7,5.7,3
12,1.1,240,1.6,1045,mixed,10.3,5.6,4.7
12,1.1,240,2,1045,mixed,11.3,5.5,5.8
12,1.1,300,0.4,836,mixed,6.6,6,0.6
12,1.1,300,0.8,836,mixed,7.4,5.9,1.5
12,1.1,300,1.2,836,mixed,8.8,5.9,2.9
12,1.1,300,1.6,836,mixed,10.4,5.7,4.7
12,1.1,300,2,836,mixed,11.4,5.6,5.8
19,0.7,180,0.4,1404,healthy,,,
19,0.7,180,0.8,1404,distribution,,,
19,0.7,180,1.2,1404,distribution,,,
19,0.7,180,1.6,1404,distribution,,,
19,0.7,180,2,1404,distribution,,,
19,0.7,240,0.4,1053,healthy,,,
19,0.7,240,0.8,1053,distribution,,,
19,0.7,240,1.2,1053,distribution,,,
19,0.7,240,1.6,1053,distribution,,,
19,0.7,240,2,1053,distribution,,,
19,0.7,300,0.4,843,healthy,,,
19,0.7,300,0.8,843,distribution,,,
19,0.7,300,1.2,843,distribution,,,
19,0.7,300,1.6,843,distribution,,,
19,0.7,300,2,843,distribution,,,
19,0.75,180,0.4,1505,distribution,,,
19,0.75,180,0.8,1505,distribution,,,
19,0.75,180,1.2,1505,distribution,,,
19,0.75,180,1.6,1505,distribution,,,
19,0.75,180,2,1505,distribution,,,
19,0.75,240,0.4,1129,distribution,,,
19,0.75,240,0.8,1129,distribution,,,
19,0.75,240,1.2,1129,distribution,,,
19,0.75,240,1.6,1129,distribution,,,
19,0.75,240,2,1129,distribution,,,
19,0.75,300,0.4,903,capacity,0.5,0.1,0.4
19,0.75,300,0.8,903,mixed,1.8,0.1,1.7
19,0.75,300,1.2,903,distribution,,,
19,0.75,300,1.6,903,distribution,,,
19,0.75,300,2,903,distribution,,,
19,0.8,180,0.4,1605,mixed,1.5,0.9,0.6
19,0.8,180,0.8,1605,mixed,2.7,0.9,1.8
19,0.8,180,1.2,1605,mixed,4.2,0.8,3.4
19,0.8,180,1.6,1605,mixed,5.8,0.6,5.2
19,0.8,180,2,1605,mixed,7.3,0.5,6.8
19,0.8,240,0.4,1204,capacity,1.7,1.1,0.6
19,0.8,240,0.8,1204,mixed,2.9,1.1,1.8
19,0.8,240,1.2,1204,mixed,4.4,1,3.4
19,0.8,240,1.6,1204,mixed,6.3,0.8,5.5
19,0.8,240,2,1204,mixed,7.4,0.8,6.6
19,0.8,300,0.4,963,capacity,1.8,1.3,0.5
19,0.8,300,0.8,963,mixed,3.1,1.3,1.8
19,0.8,300,1.2,963,mixed,4.6,1.1,3.5
19,0.8,300,1.6,963,mixed,6.4,1,5.4
19,0.8,300,2,963,mixed,7.8,0.9,6.9
19,0.85,180,0.4,1705,mixed,2.7,1.9,0.8
19,0.85,180,0.8,1705,mixed,4.1,1.8,2.3
19,0.85,180,1.2,1705,mixed,5.7,1.7,4
19,0.85,180,1.6,1705,mixed,7.3,1.6,5.7
19,0.85,180,2,1705,mixed,8.8,1.6,7.2
19,0.85,240,0.4,1279,capacity,2.8,2.1,0.7
19,0.85,240,0.8,1279,mixed,4.2,2.1,2.1
19,0.85,240,1.2,1279,mixed,5.7,2,3.7
19,0.85,240,1.6,1279,mixed,7.4,1.8,5.6
19,0.85,240,2,1279,mixed,8.9,1.8,7.1
19,0.85,300,0.4,1023,capacity,2.9,2.3,0.6
19,0.85,300,0.8,1023,mixed,4.3,2.3,2
19,0.85,300,1.2,1023,mixed,5.8,2.2,3.6
19,0.85,300,1.6,1023,mixed,7.8,2,5.8
19,0.85,300,2,1023,mixed,9.3,1.9,7.4
19,0.9,180,0.4,1806,mixed,3.5,3,0.5
19,0.9,180,0.8,1806,mixed,5,3,2
19,0.9,180,1.2,1806,mixed,7,2.9,4.1
19,0.9,180,1.6,1806,mixed,8.7,2.7,6
19,0.9,180,2,1806,mixed,10.4,2.6,7.8
19,0.9,240,0.4,1354,capacity,4,3.3,0.7
19,0.9,240,0.8,1354,mixed,5.2,3.2,2
19,0.9,240,1.2,1354,mixed,7.2,3.1,4.1
19,0.9,240,1.6,1354,mixed,8.8,2.9,5.9
19,0.9,240,2,1354,mixed,10.5,2.9,7.6
19,0.9,300,0.4,1083,mixed,4.1,3.4,0.7
19,0.9,300,0.8,1083,mixed,5.6,3.4,2.2
19,0.9,300,1.2,1083,mixed,7.2,3.3,3.9
19,0.9,300,1.6,1083,mixed,8.9,3.1,5.8
19,0.9,300,2,1083,mixed,10.8,3,7.8
19,0.95,180,0.4,1906,mixed,4.8,4,0.8
19,0.95,180,0.8,1906,mixed,6.3,4,2.3
19,0.95,180,1.2,1906,mixed,8,3.9,4.1
19,0.95,180,1.6,1906,mixed,10.3,3.7,6.6
19,0.95,180,2,1906,mixed,11.8,3.6,8.2
19,0.95,240,0.4,1430,capacity,4.9,4.3,0.6
19,0.95,240,0.8,1430,mixed,6.4,4.2,2.2
19,0.95,240,1.2,1430,mixed,8.7,4.2,4.5
19,0.95,240,1.6,1430,mixed,10.4,4,6.4
19,0.95,240,2,1430,mixed,11.9,3.9,8
19,0.95,300,0.4,1144,capacity,5,4.5,0.5
19,0.95,300,0.8,1144,mixed,6.5,4.4,2.1
19,0.95,300,1.2,1144,mixed,8.7,4.3,4.4
19,0.95,300,1.6,1144,mixed,10.4,4.2,6.2
19,0.95,300,2,1144,mixed,12.3,4.1,8.2
19,1,180,0.4,2006,capacity,5.8,5.1,0.7
19,1,180,0.8,2006,mixed,7.3,5.1,2.2
19,1,180,1.2,2006,mixed,9.4,5,4.4
19,1,180,1.6,2006,mixed,11.7,4.8,6.9
19,1,180,2,2006,mixed,13.3,4.7,8.6
19,1,240,0.4,1505,mixed,6.1,5.3,0.8
19,1,240,0.8,1505,mixed,7.7,5.3,2.4
19,1,240,1.2,1505,mixed,9.5,5.2,4.3
19,1,240,1.6,1505,mixed,11.8,5.1,6.7
19,1,240,2,1505,mixed,13.4,5,8.4
19,1,300,0.4,1204,mixed,6.3,5.5,0.8
19,1,300,0.8,1204,mixed,7.9,5.5,2.4
19,1,300,1.2,1204,mixed,9.6,5.4,4.2
19,1,300,1.6,1204,mixed,11.9,5.2,6.7
19,1,300,2,1204,mixed,13.9,5.2,8.7
19,1.05,180,0.4,2107,capacity,7,6.1,0.9
19,1.05,180,0.8,2107,mixed,8.7,6.1,2.6
19,1.05,180,1.2,2107,mixed,10.7,6,4.7
19,1.05,180,1.6,2107,mixed,13.2,5.8,7.4
19,1.05,180,2,2107,mixed,14.8,5.7,9.1
19,1.05,240,0.4,1580,mixed,7.2,6.4,0.8
19,1.05,240,0.8,1580,mixed,8.8,6.3,2.5
19,1.05,240,1.2,1580,mixed,10.9,6.2,4.7
19,1.05,240,1.6,1580,mixed,13.3,6.1,7.2
19,1.05,240,2,1580,mixed,14.9,5.9,9
19,1.05,300,0.4,1264,mixed,7.3,6.6,0.7
19,1.05,300,0.8,1264,mixed,8.9,6.5,2.4
19,1.05,300,1.2,1264,mixed,10.9,6.4,4.5
19,1.05,300,1.6,1264,mixed,13.3,6.3,7
19,1.05,300,2,1264,mixed,15.4,6.1,9.3
19,1.1,180,0.4,2207,capacity,7.9,7.1,0.8
19,1.1,180,0.8,2207,mixed,9.6,7.1,2.5
19,1.1,180,1.2,2207,mixed,11.9,7,4.9
19,1.1,180,1.6,2207,mixed,14.1,6.9,7.2
19,1.1,180,2,2207,mixed,16.3,6.8,9.5
19,1.1,240,0.4,1655,mixed,8.1,7.4,0.7
19,1.1,240,0.8,1655,mixed,10.2,7.4,2.8
19,1.1,240,1.2,1655,mixed,12.3,7.3,5
19,1.1,240,1.6,1655,mixed,14.8,7.1,7.7
19,1.1,240,2,1655,mixed,16.4,6.9,9.5
19,1.1,300,0.4,1324,mixed,8.6,7.6,1
19,1.1,300,0.8,1324,mixed,10.3,7.5,2.8
19,1.1,300,1.2,1324,mixed,12.4,7.4,5
19,1.1,300,1.6,1324,mixed,14.8,7.2,7.6
19,1.1,300,2,1324,mixed,16.9,7.1,9.8
30,0.7,180,0.4,2218,healthy,,,
30,0.7,180,0.8,2218,healthy,,,
30,0.7,180,1.2,2218,distribution,,,
30,0.7,180,1.6,2218,distribution,,,
30,0.7,180,2,2218,distribution,,,
30,0.7,240,0.4,1663,healthy,,,
30,0.7,240,0.8,1663,healthy,,,
30,0.7,240,1.2,1663,distribution,,,
30,0.7,240,1.6,1663,distribution,,,
30,0.7,240,2,1663,distribution,,,
30,0.7,300,0.4,1331,healthy,,,
30,0.7,300,0.8,1331,healthy,,,
30,0.7,300,1.2,1331,distribution,,,
30,0.7,300,1.6,1331,distribution,,,
30,0.7,300,2,1331,distribution,,,
30,0.75,180,0.4,2376,healthy,,,
30,0.75,180,0.8,2376,distribution,,,
30,0.75,180,1.2,2376,distribution,,,
30,0.75,180,1.6,2376,distribution,,,
30,0.75,180,2,2376,distribution,,,
30,0.75,240,0.4,1782,healthy,,,
30,0.75,240,0.8,1782,distribution,,,
30,0.75,240,1.2,1782,distribution,,,
30,0.75,240,1.6,1782,distribution,,,
30,0.75,240,2,1782,distribution,,,
30,0.75,300,0.4,1426,healthy,,,
30,0.75,300,0.8,1426,distribution,,,
30,0.75,300,1.2,1426,distribution,,,
30,0.75,300,1.6,1426,distribution,,,
30,0.75,300,2,1426,distribution,,,
30,0.8,180,0.4,2534,distribution,,,
30,0.8,180,0.8,2534,distribution,,,
30,0.8,180,1.2,2534,distribution,,,
30,0.8,180,1.6,2534,distribution,,,
30,0.8,180,2,2534,distribution,,,
30,0.8,240,0.4,1901,distribution,,,
30,0.8,240,0.8,1901,distribution,,,
30,0.8,240,1.2,1901,distribution,,,
30,0.8,240,1.6,1901,distribution,,,
30,0.8,240,2,1901,distribution,,,
30,0.8,300,0.4,1521,distribution,,,
30,0.8,300,0.8,1521,distribution,,,
30,0.8,300,1.2,1521,distribution,,,
30,0.8,300,1.6,1521,distribution,,,
30,0.8,300,2,1521,distribution,,,
30,0.85,180,0.4,2693,mixed,2.3,1.2,1.1
30,0.85,180,0.8,2693,mixed,4.5,1.1,3.4
30,0.85,180,1.2,2693,mixed,7,1,6
30,0.85,180,1.6,2693,mixed,10,0.8,9.2
30,0.85,180,2,2693,mixed,12.8,0.6,12.2
30,0.85,240,0.4,2020,mixed,2.5,1.4,1.1
30,0.85,240,0.8,2020,mixed,4.6,1.4,3.2
30,0.85,240,1.2,2020,mixed,7.5,1.3,6.2
30,0.85,240,1.6,2020,mixed,10.4,1.2,9.2
30,0.85,240,2,2020,mixed,12.9,1,11.9
30,0.85,300,0.4,1616,mixed,2.8,1.7,1.1
30,0.85,300,0.8,1616,mixed,5.2,1.6,3.6
30,0.85,300,1.2,1616,mixed,7.5,1.5,6
30,0.85,300,1.6,1616,mixed,10.5,1.3,9.2
30,0.85,300,2,1616,mixed,12.9,1.2,11.7
30,0.9,180,0.4,2851,mixed,3.9,2.8,1.1
30,0.9,180,0.8,2851,mixed,6.1,2.7,3.4
30,0.9,180,1.2,2851,mixed,9,2.6,6.4
30,0.9,180,1.6,2851,mixed,12,2.4,9.6
30,0.9,180,2,2851,mixed,14.6,2.2,12.4
30,0.9,240,0.4,2138,mixed,4.3,3.1,1.2
30,0.9,240,0.8,2138,mixed,6.8,3.1,3.7
30,0.9,240,1.2,2138,mixed,9.8,3,6.8
30,0.9,240,1.6,2138,mixed,12.8,2.8,10
30,0.9,240,2,2138,mixed,15.1,2.6,12.5
30,0.9,300,0.4,1711,mixed,4.5,3.3,1.2
30,0.9,300,0.8,1711,mixed,6.8,3.2,3.6
30,0.9,300,1.2,1711,mixed,9.9,3.1,6.8
30,0.9,300,1.6,1711,mixed,12.9,3,9.9
30,0.9,300,2,1711,mixed,15.2,2.8,12.4
30,0.95,180,0.4,3010,mixed,5.6,4.4,1.2
30,0.95,180,0.8,3010,mixed,8.4,4.3,4.1
30,0.95,180,1.2,3010,mixed,11.4,4.2,7.2
30,0.95,180,1.6,3010,mixed,14.4,4,10.4
30,0.95,180,2,3010,mixed,17.4,3.8,13.6
30,0.95,240,0.4,2257,mixed,6,4.7,1.3
30,0.95,240,0.8,2257,mixed,8.4,4.7,3.7
30,0.95,240,1.2,2257,mixed,11.5,4.6,6.9
30,0.95,240,1.6,2257,mixed,14.5,4.4,10.1
30,0.95,240,2,2257,mixed,17.4,4.2,13.2
30,0.95,300,0.4,1806,mixed,6.1,4.9,1.2
30,0.95,300,0.8,1806,mixed,8.5,4.9,3.6
30,0.95,300,1.2,1806,mixed,11.6,4.8,6.8
30,0.95,300,1.6,1806,mixed,15,4.6,10.4
30,0.95,300,2,1806,mixed,17.5,4.4,13.1
30,1,180,0.4,3168,mixed,7.3,6,1.3
30,1,180,0.8,3168,mixed,10,5.9,4.1
30,1,180,1.2,3168,mixed,13,5.8,7.2
30,1,180,1.6,3168,mixed,16.6,5.6,11
30,1,180,2,3168,mixed,19.6,5.4,14.2
30,1,240,0.4,2376,mixed,7.6,6.4,1.2
30,1,240,0.8,2376,mixed,10.4,6.3,4.1
30,1,240,1.2,2376,mixed,13.6,6.2,7.4
30,1,240,1.6,2376,mixed,16.7,6,10.7
30,1,240,2,2376,mixed,19.7,5.8,13.9
30,1,300,0.4,1901,mixed,7.7,6.6,1.1
30,1,300,0.8,1901,mixed,10.5,6.6,3.9
30,1,300,1.2,1901,mixed,13.6,6.4,7.2
30,1,300,1.6,1901,mixed,17.4,6.2,11.2
30,1,300,2,1901,mixed,20.4,6.1,14.3
30,1.05,180,0.4,3326,mixed,9,7.5,1.5
30,1.05,180,0.8,3326,mixed,12,7.5,4.5
30,1.05,180,1.2,3326,mixed,15.1,7.4,7.7
30,1.05,180,1.6,3326,mixed,19,7.2,11.8
30,1.05,180,2,3326,mixed,22,7,15
30,1.05,240,0.4,2495,mixed,9.2,8,1.2
30,1.05,240,0.8,2495,mixed,12,7.9,4.1
30,1.05,240,1.2,2495,mixed,15.8,7.8,8
30,1.05,240,1.6,2495,mixed,19.1,7.6,11.5
30,1.05,240,2,2495,mixed,22.1,7.4,14.7
30,1.05,300,0.4,1996,mixed,9.8,8.2,1.6
30,1.05,300,0.8,1996,mixed,12.2,8.2,4
30,1.05,300,1.2,1996,mixed,15.9,8,7.9
30,1.05,300,1.6,1996,mixed,19.2,7.8,11.4
30,1.05,300,2,1996,mixed,22.2,7.6,14.6
30,1.1,180,0.4,3485,mixed,10.5,9.1,1.4
30,1.1,180,0.8,3485,mixed,13.6,9.1,4.5
30,1.1,180,1.2,3485,mixed,17.4,9,8.4
30,1.1,180,1.6,3485,mixed,21,8.7,12.3
30,1.1,180,2,3485,mixed,24.2,8.6,15.6
30,1.1,240,0.4,2614,mixed,11.3,9.6,1.7
30,1.1,240,0.8,2614,mixed,14.3,9.5,4.8
30,1.1,240,1.2,2614,mixed,17.5,9.4,8.1
30,1.1,240,1.6,2614,mixed,21.1,9.2,11.9
30,1.1,240,2,2614,mixed,24.9,9,15.9
30,1.1,300,0.4,2091,mixed,11.4,9.9,1.5
30,1.1,300,0.8,2091,mixed,14.4,9.8,4.6
30,1.1,300,1.2,2091,mixed,17.6,9.7,7.9
30,1.1,300,1.6,2091,mixed,21.9,9.4,12.5
30,1.1,300,2,2091,mixed,25,9.2,15.8
45,0.7,180,0.4,3326,healthy,,,
45,0.7,180,0.8,3326,healthy,,,
45,0.7,180,1.2,3326,distribution,,,
45,0.7,180,1.6,3326,distribution,,,
45,0.7,180,2,3326,distribution,,,
45,0.7,240,0.4,2495,healthy,,,
45,0.7,240,0.8,2495,healthy,,,
45,0.7,240,1.2,2495,distribution,,,
45,0.7,240,1.6,2495,distribution,,,
45,0.7,240,2,2495,distribution,,,
45,0.7,300,0.4,1996,healthy,,,
45,0.7,300,0.8,1996,healthy,,,
45,0.7,300,1.2,1996,distribution,,,
45,0.7,300,1.6,1996,distribution,,,
45,0.7,300,2,1996,distribution,,,
45,0.75,180,0.4,3564,healthy,,,
45,0.75,180,0.8,3564,healthy,,,
45,0.75,180,1.2,3564,distribution,,,
45,0.75,180,1.6,3564,distribution,,,
45,0.75,180,2,3564,distribution,,,
45,0.75,240,0.4,2673,healthy,,,
45,0.75,240,0.8,2673,healthy,,,
45,0.75,240,1.2,2673,distribution,,,
45,0.75,240,1.6,2673,distribution,,,
45,0.75,240,2,2673,distribution,,,
45,0.75,300,0.4,2138,healthy,,,
45,0.75,300,0.8,2138,distribution,,,
45,0.75,300,1.2,2138,distribution,,,
45,0.75,300,1.6,2138,distribution,,,
45,0.75,300,2,2138,distribution,,,
45,0.8,180,0.4,3802,healthy,,,
45,0.8,180,0.8,3802,distribution,,,
45,0.8,180,1.2,3802,distribution,,,
45,0.8,180,1.6,3802,distribution,,,
45,0.8,180,2,3802,distribution,,,
45,0.8,240,0.4,2851,healthy,,,
45,0.8,240,0.8,2851,distribution,,,
45,0.8,240,1.2,2851,distribution,,,
45,0.8,240,1.6,2851,distribution,,,
45,0.8,240,2,2851,distribution,,,
45,0.8,300,0.4,2281,healthy,,,
45,0.8,300,0.8,2281,distribution,,,
45,0.8,300,1.2,2281,distribution,,,
45,0.8,300,1.6,2281,distribution,,,
45,0.8,300,2,2281,distribution,,,
45,0.85,180,0.4,4039,distribution,,,
45,0.85,180,0.8,4039,distribution,,,
45,0.85,180,1.2,4039,distribution,,,
45,0.85,180,1.6,4039,distribution,,,
45,0.85,180,2,4039,distribution,,,
45,0.85,240,0.4,3029,mixed,1.8,0.2,1.6
45,0.85,240,0.8,3029,mixed,5.5,0.1,5.4
45,0.85,240,1.2,3029,distribution,,,
45,0.85,240,1.6,3029,distribution,,,
45,0.85,240,2,3029,distribution,,,
45,0.85,300,0.4,2424,mixed,2.4,0.5,1.9
45,0.85,300,0.8,2424,mixed,5.7,0.5,5.2
45,0.85,300,1.2,2424,mixed,10,0.3,9.7
45,0.85,300,1.6,2424,mixed,14.5,0.1,14.4
45,0.85,300,2,2424,distribution,,,
45,0.9,180,0.4,4277,mixed,4.1,2.1,2
45,0.9,180,0.8,4277,mixed,7.7,2.1,5.6
45,0.9,180,1.2,4277,mixed,12.2,1.9,10.3
45,0.9,180,1.6,4277,mixed,16.7,1.7,15
45,0.9,180,2,4277,mixed,20.7,1.5,19.2
45,0.9,240,0.4,3208,mixed,4.5,2.5,2
45,0.9,240,0.8,3208,mixed,8.5,2.5,6
45,0.9,240,1.2,3208,mixed,13,2.4,10.6
45,0.9,240,1.6,3208,mixed,17.5,2.2,15.3
45,0.9,240,2,3208,mixed,21.3,2,19.3
45,0.9,300,0.4,2566,mixed,4.7,2.9,1.8
45,0.9,300,0.8,2566,mixed,8.5,2.8,5.7
45,0.9,300,1.2,2566,mixed,13.1,2.6,10.5
45,0.9,300,1.6,2566,mixed,17.6,2.4,15.2
45,0.9,300,2,2566,mixed,21.3,2.2,19.1
45,0.95,180,0.4,4514,mixed,6.8,4.4,2.4
45,0.95,180,0.8,4514,mixed,10.7,4.4,6.3
45,0.95,180,1.2,4514,mixed,15.2,4.3,10.9
45,0.95,180,1.6,4514,mixed,20.5,4.1,16.4
45,0.95,180,2,4514,mixed,24.3,3.8,20.5
45,0.95,240,0.4,3386,mixed,7.1,4.9,2.2
45,0.95,240,0.8,3386,mixed,10.9,4.9,6
45,0.95,240,1.2,3386,mixed,16,4.7,11.3
45,0.95,240,1.6,3386,mixed,20.6,4.5,16.1
45,0.95,240,2,3386,mixed,25.1,4.3,20.8
45,0.95,300,0.4,2709,mixed,7.3,5.3,2
45,0.95,300,0.8,2709,mixed,11.5,5.2,6.3
45,0.95,300,1.2,2709,mixed,16.1,5.1,11
45,0.95,300,1.6,2709,mixed,20.7,4.9,15.8
45,0.95,300,2,2709,mixed,25.2,4.6,20.6
45,1,180,0.4,4752,mixed,9.2,6.8,2.4
45,1,180,0.8,4752,mixed,13.2,6.8,6.4
45,1,180,1.2,4752,mixed,18.3,6.6,11.7
45,1,180,1.6,4752,mixed,23.7,6.4,17.3
45,1,180,2,4752,mixed,28.2,6.1,22.1
45,1,240,0.4,3564,mixed,9.4,7.4,2
45,1,240,0.8,3564,mixed,13.7,7.3,6.4
45,1,240,1.2,3564,mixed,19,7.2,11.8
45,1,240,1.6,3564,mixed,23.8,6.9,16.9
45,1,240,2,3564,mixed,28.2,6.7,21.5
45,1,300,0.4,2851,mixed,10,7.7,2.3
45,1,300,0.8,2851,mixed,13.9,7.7,6.2
45,1,300,1.2,2851,mixed,19.1,7.5,11.6
45,1,300,1.6,2851,mixed,23.8,7.2,16.6
45,1,300,2,2851,mixed,28.3,7,21.3
45,1.05,180,0.4,4990,mixed,11.6,9.2,2.4
45,1.05,180,0.8,4990,mixed,16.2,9.2,7
45,1.05,180,1.2,4990,mixed,21.3,9,12.3
45,1.05,180,1.6,4990,mixed,26.7,8.8,17.9
45,1.05,180,2,4990,mixed,31.2,8.5,22.7
45,1.05,240,0.4,3742,mixed,12.1,9.7,2.4
45,1.05,240,0.8,3742,mixed,16.7,9.6,7.1
45,1.05,240,1.2,3742,mixed,22,9.5,12.5
45,1.05,240,1.6,3742,mixed,26.9,9.3,17.6
45,1.05,240,2,3742,mixed,31.8,9,22.8
45,1.05,300,0.4,2994,mixed,12.3,10.1,2.2
45,1.05,300,0.8,2994,mixed,16.7,10,6.7
45,1.05,300,1.2,2994,mixed,22.1,9.8,12.3
45,1.05,300,1.6,2994,mixed,27.4,9.6,17.8
45,1.05,300,2,2994,mixed,31.9,9.4,22.5
45,1.1,180,0.4,5227,mixed,14,11.5,2.5
45,1.1,180,0.8,5227,mixed,19.1,11.5,7.6
45,1.1,180,1.2,5227,mixed,24.3,11.3,13
45,1.1,180,1.6,5227,mixed,29.8,11.1,18.7
45,1.1,180,2,5227,mixed,34.9,10.9,24
45,1.1,240,0.4,3920,mixed,14.7,12.1,2.6
45,1.1,240,0.8,3920,mixed,19.2,12,7.2
45,1.1,240,1.2,3920,mixed,25.1,11.9,13.2
45,1.1,240,1.6,3920,mixed,30.4,11.6,18.8
45,1.1,240,2,3920,mixed,35.7,11.3,24.4
45,1.1,300,0.4,3136,mixed,14.9,12.5,2.4
45,1.1,300,0.8,3136,mixed,19.7,12.4,7.3
45,1.1,300,1.2,3136,mixed,25.2,12.2,13
45,1.1,300,1.6,3136,mixed,30.5,11.9,18.6
45,1.1,300,2,3136,mixed,35.8,11.7,24.1
70,0.7,180,0.4,5174,healthy,,,
70,0.7,180,0.8,5174,healthy,,,
70,0.7,180,1.2,5174,healthy,,,
70,0.7,180,1.6,5174,distribution,,,
70,0.7,180,2,5174,distribution,,,
70,0.7,240,0.4,3881,healthy,,,
70,0.7,240,0.8,3881,healthy,,,
70,0.7,240,1.2,3881,healthy,,,
70,0.7,240,1.6,3881,distribution,,,
70,0.7,240,2,3881,distribution,,,
70,0.7,300,0.4,3105,healthy,,,
70,0.7,300,0.8,3105,healthy,,,
70,0.7,300,1.2,3105,healthy,,,
70,0.7,300,1.6,3105,distribution,,,
70,0.7,300,2,3105,distribution,,,
70,0.75,180,0.4,5544,healthy,,,
70,0.75,180,0.8,5544,healthy,,,
70,0.75,180,1.2,5544,distribution,,,
70,0.75,180,1.6,5544,distribution,,,
70,0.75,180,2,5544,distribution,,,
70,0.75,240,0.4,4158,healthy,,,
70,0.75,240,0.8,4158,healthy,,,
70,0.75,240,1.2,4158,distribution,,,
70,0.75,240,1.6,4158,distribution,,,
70,0.75,240,2,4158,distribution,,,
70,0.75,300,0.4,3326,healthy,,,
70,0.75,300,0.8,3326,healthy,,,
70,0.75,300,1.2,3326,distribution,,,
70,0.75,300,1.6,3326,distribution,,,
70,0.75,300,2,3326,distribution,,,
70,0.8,180,0.4,5914,healthy,,,
70,0.8,180,0.8,5914,distribution,,,
70,0.8,180,1.2,5914,distribution,,,
70,0.8,180,1.6,5914,distribution,,,
70,0.8,180,2,5914,distribution,,,
70,0.8,240,0.4,4435,healthy,,,
70,0.8,240,0.8,4435,distribution,,,
70,0.8,240,1.2,4435,distribution,,,
70,0.8,240,1.6,4435,distribution,,,
70,0.8,240,2,4435,distribution,,,
70,0.8,300,0.4,3548,healthy,,,
70,0.8,300,0.8,3548,distribution,,,
70,0.8,300,1.2,3548,distribution,,,
70,0.8,300,1.6,3548,distribution,,,
70,0.8,300,2,3548,distribution,,,
70,0.85,180,0.4,6283,distribution,,,
70,0.85,180,0.8,6283,distribution,,,
70,0.85,180,1.2,6283,distribution,,,
70,0.85,180,1.6,6283,distribution,,,
70,0.85,180,2,6283,distribution,,,
70,0.85,240,0.4,4712,distribution,,,
70,0.85,240,0.8,4712,distribution,,,
70,0.85,240,1.2,4712,distribution,,,
70,0.85,240,1.6,4712,distribution,,,
70,0.85,240,2,4712,distribution,,,
70,0.85,300,0.4,3770,distribution,,,
70,0.85,300,0.8,3770,distribution,,,
70,0.85,300,1.2,3770,distribution,,,
70,0.85,300,1.6,3770,distribution,,,
70,0.85,300,2,3770,distribution,,,
70,0.9,180,0.4,6653,mixed,4,0.6,3.4
70,0.9,180,0.8,6653,mixed,10.7,0.6,10.1
70,0.9,180,1.2,6653,mixed,17.5,0.4,17.1
70,0.9,180,1.6,6653,mixed,24.5,0.1,24.4
70,0.9,180,2,6653,distribution,,,
70,0.9,240,0.4,4990,mixed,4.7,1.3,3.4
70,0.9,240,0.8,4990,mixed,10.9,1.2,9.7
70,0.9,240,1.2,4990,mixed,17.7,1,16.7
70,0.9,240,1.6,4990,mixed,25.1,0.7,24.4
70,0.9,240,2,4990,mixed,31.1,0.5,30.6
70,0.9,300,0.4,3992,mixed,5,1.7,3.3
70,0.9,300,0.8,3992,mixed,11.3,1.6,9.7
70,0.9,300,1.2,3992,mixed,18.4,1.5,16.9
70,0.9,300,1.6,3992,mixed,25.8,1.1,24.7
70,0.9,300,2,3992,mixed,32,0.8,31.2
70,0.95,180,0.4,7022,mixed,7.9,4.2,3.7
70,0.95,180,0.8,7022,mixed,14.6,4.2,10.4
70,0.95,180,1.2,7022,mixed,22,4.1,17.9
70,0.95,180,1.6,7022,mixed,29.6,3.8,25.8
70,0.95,180,2,7022,mixed,36.4,3.4,33
70,0.95,240,0.4,5267,mixed,8.5,4.9,3.6
70,0.95,240,0.8,5267,mixed,15.3,4.9,10.4
70,0.95,240,1.2,5267,mixed,22.8,4.7,18.1
70,0.95,240,1.6,5267,mixed,30.5,4.4,26.1
70,0.95,240,2,5267,mixed,36.5,4.1,32.4
70,0.95,300,0.4,4213,mixed,9.2,5.4,3.8
70,0.95,300,0.8,4213,mixed,15.4,5.3,10.1
70,0.95,300,1.2,4213,mixed,22.9,5.1,17.8
70,0.95,300,1.6,4213,mixed,30.5,4.9,25.6
70,0.95,300,2,4213,mixed,37.1,4.5,32.6
70,1,180,0.4,7392,mixed,12.2,7.9,4.3
70,1,180,0.8,7392,mixed,19,7.8,11.2
70,1,180,1.2,7392,mixed,26.6,7.7,18.9
70,1,180,1.6,7392,mixed,35,7.4,27.6
70,1,180,2,7392,mixed,41.7,7,34.7
70,1,240,0.4,5544,mixed,12.4,8.6,3.8
70,1,240,0.8,5544,mixed,19.8,8.5,11.3
70,1,240,1.2,5544,mixed,27.4,8.3,19.1
70,1,240,1.6,5544,mixed,35.1,8,27.1
70,1,240,2,5544,mixed,42.5,7.7,34.8
70,1,300,0.4,4435,mixed,13,9.1,3.9
70,1,300,0.8,4435,mixed,19.9,9,10.9
70,1,300,1.2,4435,mixed,27.4,8.8,18.6
70,1,300,1.6,4435,mixed,35.7,8.5,27.2
70,1,300,2,4435,mixed,42.6,8.1,34.5
70,1.05,180,0.4,7762,mixed,15.9,11.5,4.4
70,1.05,180,0.8,7762,mixed,23,11.4,11.6
70,1.05,180,1.2,7762,mixed,31.2,11.3,19.9
70,1.05,180,1.6,7762,mixed,39.7,11,28.7
70,1.05,180,2,7762,mixed,47,10.6,36.4
70,1.05,240,0.4,5821,mixed,16.7,12.2,4.5
70,1.05,240,0.8,5821,mixed,23.6,12.1,11.5
70,1.05,240,1.2,5821,mixed,32,12,20
70,1.05,240,1.6,5821,mixed,40.2,11.6,28.6
70,1.05,240,2,5821,mixed,47.8,11.3,36.5
70,1.05,300,0.4,4657,mixed,16.8,12.8,4
70,1.05,300,0.8,4657,mixed,24.3,12.7,11.6
70,1.05,300,1.2,4657,mixed,32.1,12.5,19.6
70,1.05,300,1.6,4657,mixed,41.1,12.2,28.9
70,1.05,300,2,4657,mixed,47.8,11.7,36.1
70,1.1,180,0.4,8131,mixed,19.9,15.1,4.8
70,1.1,180,0.8,8131,mixed,27.4,15,12.4
70,1.1,180,1.2,8131,mixed,36.4,14.9,21.5
70,1.1,180,1.6,8131,mixed,44.9,14.6,30.3
70,1.1,180,2,8131,mixed,52.4,14.3,38.1
70,1.1,240,0.4,6098,mixed,20.3,15.9,4.4
70,1.1,240,0.8,6098,mixed,28.1,15.8,12.3
70,1.1,240,1.2,6098,mixed,36.5,15.6,20.9
70,1.1,240,1.6,6098,mixed,45.6,15.3,30.3
70,1.1,240,2,6098,mixed,53.2,14.9,38.3
70,1.1,300,0.4,4879,mixed,20.6,16.4,4.2
70,1.1,300,0.8,4879,mixed,28.2,16.3,11.9
70,1.1,300,1.2,4879,mixed,36.7,16.1,20.6
70,1.1,300,1.6,4879,mixed,45.7,15.8,29.9
70,1.1,300,2,4879,mixed,53.3,15.5,37.8
100,0.7,180,0.4,7392,healthy,,,
100,0.7,180,0.8,7392,healthy,,,
100,0.7,180,1.2,7392,healthy,,,
100,0.7,180,1.6,7392,distribution,,,
100,0.7,180,2,7392,distribution,,,
100,0.7,240,0.4,5544,healthy,,,
100,0.7,240,0.8,5544,healthy,,,
100,0.7,240,1.2,5544,healthy,,,
100,0.7,240,1.6,5544,distribution,,,
100,0.7,240,2,5544,distribution,,,
100,0.7,300,0.4,4435,healthy,,,
100,0.7,300,0.8,4435,healthy,,,
100,0.7,300,1.2,4435,healthy,,,
100,0.7,300,1.6,4435,distribution,,,
100,0.7,300,2,4435,distribution,,,
100,0.75,180,0.4,7920,healthy,,,
100,0.75,180,0.8,7920,healthy,,,
100,0.75,180,1.2,7920,distribution,,,
100,0.75,180,1.6,7920,distribution,,,
100,0.75,180,2,7920,distribution,,,
100,0.75,240,0.4,5940,healthy,,,
100,0.75,240,0.8,5940,healthy,,,
100,0.75,240,1.2,5940,distribution,,,
100,0.75,240,1.6,5940,distribution,,,
100,0.75,240,2,5940,distribution,,,
100,0.75,300,0.4,4752,healthy,,,
100,0.75,300,0.8,4752,healthy,,,
100,0.75,300,1.2,4752,distribution,,,
100,0.75,300,1.6,4752,distribution,,,
100,0.75,300,2,4752,distribution,,,
100,0.8,180,0.4,8448,healthy,,,
100,0.8,180,0.8,8448,distribution,,,
100,0.8,180,1.2,8448,distribution,,,
100,0.8,180,1.6,8448,distribution,,,
100,0.8,180,2,8448,distribution,,,
100,0.8,240,0.4,6336,healthy,,,
100,0.8,240,0.8,6336,distribution,,,
100,0.8,240,1.2,6336,distribution,,,
100,0.8,240,1.6,6336,distribution,,,
100,0.8,240,2,6336,distribution,,,
100,0.8,300,0.4,5069,healthy,,,
100,0.8,300,0.8,5069,distribution,,,
100,0.8,300,1.2,5069,distribution,,,
100,0.8,300,1.6,5069,distribution,,,
100,0.8,300,2,5069,distribution,,,
100,0.85,180,0.4,8976,healthy,,,
100,0.85,180,0.8,8976,distribution,,,
100,0.85,180,1.2,8976,distribution,,,
100,0.85,180,1.6,8976,distribution,,,
100,0.85,180,2,8976,distribution,,,
100,0.85,240,0.4,6732,healthy,,,
100,0.85,240,0.8,6732,distribution,,,
100,0.85,240,1.2,6732,distribution,,,
100,0.85,240,1.6,6732,distribution,,,
100,0.85,240,2,6732,distribution,,,
100,0.85,300,0.4,5386,healthy,,,
100,0.85,300,0.8,5386,distribution,,,
100,0.85,300,1.2,5386,distribution,,,
100,0.85,300,1.6,5386,distribution,,,
100,0.85,300,2,5386,distribution,,,
100,0.9,180,0.4,9504,distribution,,,
100,0.9,180,0.8,9504,distribution,,,
100,0.9,180,1.2,9504,distribution,,,
100,0.9,180,1.6,9504,distribution,,,
100,0.9,180,2,9504,distribution,,,
100,0.9,240,0.4,7128,distribution,,,
100,0.9,240,0.8,7128,distribution,,,
100,0.9,240,1.2,7128,distribution,,,
100,0.9,240,1.6,7128,distribution,,,
100,0.9,240,2,7128,distribution,,,
100,0.9,300,0.4,5702,distribution,,,
100,0.9,300,0.8,5702,distribution,,,
100,0.9,300,1.2,5702,distribution,,,
100,0.9,300,1.6,5702,distribution,,,
100,0.9,300,2,5702,distribution,,,
100,0.95,180,0.4,10032,mixed,9.7,3.7,6
100,0.95,180,0.8,10032,mixed,19.4,3.6,15.8
100,0.95,180,1.2,10032,mixed,30,3.4,26.6
100,0.95,180,1.6,10032,mixed,40.5,3.1,37.4
100,0.95,180,2,10032,mixed,49.6,2.8,46.8
100,0.95,240,0.4,7524,mixed,10.2,4.5,5.7
100,0.95,240,0.8,7524,mixed,20.2,4.5,15.7
100,0.95,240,1.2,7524,mixed,30.8,4.3,26.5
100,0.95,240,1.6,7524,mixed,41.5,3.9,37.6
100,0.95,240,2,7524,mixed,50.6,3.6,47
100,0.95,300,0.4,6019,mixed,11,5.1,5.9
100,0.95,300,0.8,6019,mixed,20.3,5,15.3
100,0.95,300,1.2,6019,mixed,30.9,4.8,26.1
100,0.95,300,1.6,6019,mixed,42,4.5,37.5
100,0.95,300,2,6019,mixed,51.1,4.2,46.9
100,1,180,0.4,10560,mixed,15.4,8.8,6.6
100,1,180,0.8,10560,mixed,25.5,8.7,16.8
100,1,180,1.2,10560,mixed,36.8,8.5,28.3
100,1,180,1.6,10560,mixed,48.1,8.1,40
100,1,180,2,10560,mixed,57.2,7.9,49.3
100,1,240,0.4,7920,mixed,15.7,9.7,6
100,1,240,0.8,7920,mixed,26.2,9.6,16.6
100,1,240,1.2,7920,mixed,37.5,9.5,28
100,1,240,1.6,7920,mixed,48.9,9.1,39.8
100,1,240,2,7920,mixed,58.1,8.7,49.4
100,1,300,0.4,6336,mixed,16.3,10.3,6
100,1,300,0.8,6336,mixed,26.3,10.2,16.1
100,1,300,1.2,6336,mixed,37.6,10,27.6
100,1,300,1.6,6336,mixed,49.2,9.7,39.5
100,1,300,2,6336,mixed,58.7,9.3,49.4
100,1.05,180,0.4,11088,mixed,20.7,13.9,6.8
100,1.05,180,0.8,11088,mixed,31.5,13.8,17.7
100,1.05,180,1.2,11088,mixed,43.6,13.6,30
100,1.05,180,1.6,11088,mixed,55.1,13.4,41.7
100,1.05,180,2,11088,mixed,64.8,13,51.8
100,1.05,240,0.4,8316,mixed,21.6,14.9,6.7
100,1.05,240,0.8,8316,mixed,32.3,14.8,17.5
100,1.05,240,1.2,8316,mixed,44.3,14.6,29.7
100,1.05,240,1.6,8316,mixed,55.7,14.2,41.5
100,1.05,240,2,8316,mixed,65.7,13.8,51.9
100,1.05,300,0.4,6653,mixed,21.8,15.4,6.4
100,1.05,300,0.8,6653,mixed,32.5,15.4,17.1
100,1.05,300,1.2,6653,mixed,44.4,15.2,29.2
100,1.05,300,1.6,6653,mixed,56.5,14.9,41.6
100,1.05,300,2,6653,mixed,66.3,14.5,51.8
100,1.1,180,0.4,11616,mixed,26.2,19,7.2
100,1.1,180,0.8,11616,mixed,38.3,18.9,19.4
100,1.1,180,1.2,11616,mixed,50.4,18.8,31.6
100,1.1,180,1.6,11616,mixed,62.5,18.5,44
100,1.1,180,2,11616,mixed,72.4,18.1,54.3
100,1.1,240,0.4,8712,mixed,26.9,20,6.9
100,1.1,240,0.8,8712,mixed,38.4,19.9,18.5
100,1.1,240,1.2,8712,mixed,50.6,19.7,30.9
100,1.1,240,1.6,8712,mixed,63.3,19.3,44
100,1.1,240,2,8712,mixed,73.3,19,54.3
100,1.1,300,0.4,6970,mixed,27.7,20.6,7.1
100,1.1,300,0.8,6970,mixed,38.9,20.6,18.3
100,1.1,300,1.2,6970,mixed,51.1,20.4,30.7
100,1.1,300,1.6,6970,mixed,64,20,44
100,1.1,300,2,6970,mixed,73.9,19.6,54.3
200,0.7,180,0.4,14784,healthy,,,
200,0.7,180,0.8,14784,healthy,,,
200,0.7,180,1.2,14784,healthy,,,
200,0.7,180,1.6,14784,distribution,,,
200,0.7,180,2,14784,distribution,,,
200,0.7,240,0.4,11088,healthy,,,
200,0.7,240,0.8,11088,healthy,,,
200,0.7,240,1.2,11088,healthy,,,
200,0.7,240,1.6,11088,distribution,,,
200,0.7,240,2,11088,distribution,,,
200,0.7,300,0.4,8870,healthy,,,
200,0.7,300,0.8,8870,healthy,,,
200,0.7,300,1.2,8870,healthy,,,
200,0.7,300,1.6,8870,distribution,,,
200,0.7,300,2,8870,distribution,,,
200,0.75,180,0.4,15840,healthy,,,
200,0.75,180,0.8,15840,healthy,,,
200,0.75,180,1.2,15840,distribution,,,
200,0.75,180,1.6,15840,distribution,,,
200,0.75,180,2,15840,distribution,,,
200,0.75,240,0.4,11880,healthy,,,
200,0.75,240,0.8,11880,healthy,,,
200,0.75,240,1.2,11880,distribution,,,
200,0.75,240,1.6,11880,distribution,,,
200,0.75,240,2,11880,distribution,,,
200,0.75,300,0.4,9504,healthy,,,
200,0.75,300,0.8,9504,healthy,,,
200,0.75,300,1.2,9504,distribution,,,
200,0.75,300,1.6,9504,distribution,,,
200,0.75,300,2,9504,distribution,,,
200,0.8,180,0.4,16896,healthy,,,
200,0.8,180,0.8,16896,healthy,,,
200,0.8,180,1.2,16896,distribution,,,
200,0.8,180,1.6,16896,distribution,,,
200,0.8,180,2,16896,distribution,,,
200,0.8,240,0.4,12672,healthy,,,
200,0.8,240,0.8,12672,healthy,,,
200,0.8,240,1.2,12672,distribution,,,
200,0.8,240,1.6,12672,distribution,,,
200,0.8,240,2,12672,distribution,,,
200,0.8,300,0.4,10138,healthy,,,
200,0.8,300,0.8,10138,distribution,,,
200,0.8,300,1.2,10138,distribution,,,
200,0.8,300,1.6,10138,distribution,,,
200,0.8,300,2,10138,distribution,,,
200,0.85,180,0.4,17952,healthy,,,
200,0.85,180,0.8,17952,distribution,,,
200,0.85,180,1.2,17952,distribution,,,
200,0.85,180,1.6,17952,distribution,,,
200,0.85,180,2,17952,distribution,,,
200,0.85,240,0.4,13464,healthy,,,
200,0.85,240,0.8,13464,distribution,,,
200,0.85,240,1.2,13464,distribution,,,
200,0.85,240,1.6,13464,distribution,,,
200,0.85,240,2,13464,distribution,,,
200,0.85,300,0.4,10771,healthy,,,
200,0.85,300,0.8,10771,distribution,,,
200,0.85,300,1.2,10771,distribution,,,
200,0.85,300,1.6,10771,distribution,,,
200,0.85,300,2,10771,distribution,,,
200,0.9,180,0.4,19008,distribution,,,
200,0.9,180,0.8,19008,distribution,,,
200,0.9,180,1.2,19008,distribution,,,
200,0.9,180,1.6,19008,distribution,,,
200,0.9,180,2,19008,distribution,,,
200,0.9,240,0.4,14256,distribution,,,
200,0.9,240,0.8,14256,distribution,,,
200,0.9,240,1.2,14256,distribution,,,
200,0.9,240,1.6,14256,distribution,,,
200,0.9,240,2,14256,distribution,,,
200,0.9,300,0.4,11405,distribution,,,
200,0.9,300,0.8,11405,distribution,,,
200,0.9,300,1.2,11405,distribution,,,
200,0.9,300,1.6,11405,distribution,,,
200,0.9,300,2,11405,distribution,,,
200,0.95,180,0.4,20064,mixed,14.8,0.6,14.2
200,0.95,180,0.8,20064,mixed,35.2,0.5,34.7
200,0.95,180,1.2,20064,mixed,55.7,0.2,55.5
200,0.95,180,1.6,20064,distribution,,,
200,0.95,180,2,20064,distribution,,,
200,0.95,240,0.4,15048,mixed,15.6,1.9,13.7
200,0.95,240,0.8,15048,mixed,36,1.8,34.2
200,0.95,240,1.2,15048,mixed,56.6,1.5,55.1
200,0.95,240,1.6,15048,mixed,77.7,1,76.7
200,0.95,240,2,15048,mixed,95.1,0.6,94.5
200,0.95,300,0.4,12038,mixed,16.3,2.8,13.5
200,0.95,300,0.8,12038,mixed,36.7,2.7,34
200,0.95,300,1.2,12038,mixed,57.2,2.5,54.7
200,0.95,300,1.6,12038,mixed,78.4,2,76.4
200,0.95,300,2,12038,mixed,96,1.5,94.5
200,1,180,0.4,21120,mixed,26.2,10.7,15.5
200,1,180,0.8,21120,mixed,47.4,10.6,36.8
200,1,180,1.2,21120,mixed,68.8,10.3,58.5
200,1,180,1.6,21120,mixed,90.5,9.9,80.6
200,1,180,2,21120,mixed,108.7,9.6,99.1
200,1,240,0.4,15840,mixed,26.8,12,14.8
200,1,240,0.8,15840,mixed,48.1,11.9,36.2
200,1,240,1.2,15840,mixed,69.3,11.7,57.6
200,1,240,1.6,15840,mixed,92,11.3,80.7
200,1,240,2,15840,mixed,110.2,10.6,99.6
200,1,300,0.4,12672,mixed,27.7,13.1,14.6
200,1,300,0.8,12672,mixed,49,12.9,36.1
200,1,300,1.2,12672,mixed,70.3,12.7,57.6
200,1,300,1.6,12672,mixed,92.1,12.2,79.9
200,1,300,2,12672,mixed,111.2,11.7,99.5
200,1.05,180,0.4,22176,mixed,36.9,20.8,16.1
200,1.05,180,0.8,22176,mixed,59.5,20.7,38.8
200,1.05,180,1.2,22176,mixed,81.5,20.5,61
200,1.05,180,1.6,22176,mixed,105.1,20.1,85
200,1.05,180,2,22176,mixed,123.9,19.6,104.3
200,1.05,240,0.4,16632,mixed,38.2,22.3,15.9
200,1.05,240,0.8,16632,mixed,60.2,22.1,38.1
200,1.05,240,1.2,16632,mixed,83,21.9,61.1
200,1.05,240,1.6,16632,mixed,105.7,21.4,84.3
200,1.05,240,2,16632,mixed,125.4,20.9,104.5
200,1.05,300,0.4,13306,mixed,38.4,23.3,15.1
200,1.05,300,0.8,13306,mixed,61.2,23.1,38.1
200,1.05,300,1.2,13306,mixed,83.7,22.8,60.9
200,1.05,300,1.6,13306,mixed,106.6,22.4,84.2
200,1.05,300,2,13306,mixed,126.3,22,104.3
200,1.1,180,0.4,23232,mixed,48.1,31,17.1
200,1.1,180,0.8,23232,mixed,71.6,30.9,40.7
200,1.1,180,1.2,23232,mixed,95.1,30.6,64.5
200,1.1,180,1.6,23232,mixed,119.3,30.2,89.1
200,1.1,180,2,23232,mixed,139.1,29.7,109.4
200,1.1,240,0.4,17424,mixed,49,32.4,16.6
200,1.1,240,0.8,17424,mixed,72.4,32.3,40.1
200,1.1,240,1.2,17424,mixed,96,32,64
200,1.1,240,1.6,17424,mixed,120.3,31.5,88.8
200,1.1,240,2,17424,mixed,140.5,31.1,109.4
200,1.1,300,0.4,13939,mixed,49.6,33.4,16.2
200,1.1,300,0.8,13939,mixed,73.1,33.3,39.8
200,1.1,300,1.2,13939,mixed,96.6,33.1,63.5
200,1.1,300,1.6,13939,mixed,120.8,32.6,88.2
200,1.1,300,2,13939,mixed,141.5,32.1,109.4
500,0.7,180,0.4,36960,healthy,,,
500,0.7,180,0.8,36960,healthy,,,
500,0.7,180,1.2,36960,healthy,,,
500,0.7,180,1.6,36960,distribution,,,
500,0.7,180,2,36960,distribution,,,
500,0.7,240,0.4,27720,healthy,,,
500,0.7,240,0.8,27720,healthy,,,
500,0.7,240,1.2,27720,healthy,,,
500,0.7,240,1.6,27720,distribution,,,
500,0.7,240,2,27720,distribution,,,
500,0.7,300,0.4,22176,healthy,,,
500,0.7,300,0.8,22176,healthy,,,
500,0.7,300,1.2,22176,healthy,,,
500,0.7,300,1.6,22176,distribution,,,
500,0.7,300,2,22176,distribution,,,
500,0.75,180,0.4,39600,healthy,,,
500,0.75,180,0.8,39600,healthy,,,
500,0.75,180,1.2,39600,healthy,,,
500,0.75,180,1.6,39600,distribution,,,
500,0.75,180,2,39600,distribution,,,
500,0.75,240,0.4,29700,healthy,,,
500,0.75,240,0.8,29700,healthy,,,
500,0.75,240,1.2,29700,distribution,,,
500,0.75,240,1.6,29700,distribution,,,
500,0.75,240,2,29700,distribution,,,
500,0.75,300,0.4,23760,healthy,,,
500,0.75,300,0.8,23760,healthy,,,
500,0.75,300,1.2,23760,distribution,,,
500,0.75,300,1.6,23760,distribution,,,
500,0.75,300,2,23760,distribution,,,
500,0.8,180,0.4,42240,healthy,,,
500,0.8,180,0.8,42240,healthy,,,
500,0.8,180,1.2,42240,distribution,,,
500,0.8,180,1.6,42240,distribution,,,
500,0.8,180,2,42240,distribution,,,
500,0.8,240,0.4,31680,healthy,,,
500,0.8,240,0.8,31680,healthy,,,
500,0.8,240,1.2,31680,distribution,,,
500,0.8,240,1.6,31680,distribution,,,
500,0.8,240,2,31680,distribution,,,
500,0.8,300,0.4,25344,healthy,,,
500,0.8,300,0.8,25344,healthy,,,
500,0.8,300,1.2,25344,distribution,,,
500,0.8,300,1.6,25344,distribution,,,
500,0.8,300,2,25344,distribution,,,
500,0.85,180,0.4,44880,healthy,,,
500,0.85,180,0.8,44880,distribution,,,
500,0.85,180,1.2,44880,distribution,,,
500,0.85,180,1.6,44880,distribution,,,
500,0.85,180,2,44880,distribution,,,
500,0.85,240,0.4,33660,healthy,,,
500,0.85,240,0.8,33660,distribution,,,
500,0.85,240,1.2,33660,distribution,,,
500,0.85,240,1.6,33660,distribution,,,
500,0.85,240,2,33660,distribution,,,
500,0.85,300,0.4,26928,healthy,,,
500,0.85,300,0.8,26928,distribution,,,
500,0.85,300,1.2,26928,distribution,,,
500,0.85,300,1.6,26928,distribution,,,
500,0.85,300,2,26928,distribution,,,
500,0.9,180,0.4,47520,distribution,,,
500,0.9,180,0.8,47520,distribution,,,
500,0.9,180,1.2,47520,distribution,,,
500,0.9,180,1.6,47520,distribution,,,
500,0.9,180,2,47520,distribution,,,
500,0.9,240,0.4,35640,distribution,,,
500,0.9,240,0.8,35640,distribution,,,
500,0.9,240,1.2,35640,distribution,,,
500,0.9,240,1.6,35640,distribution,,,
500,0.9,240,2,35640,distribution,,,
500,0.9,300,0.4,28512,distribution,,,
500,0.9,300,0.8,28512,distribution,,,
500,0.9,300,1.2,28512,distribution,,,
500,0.9,300,1.6,28512,distribution,,,
500,0.9,300,2,28512,distribution,,,
500,0.95,180,0.4,50160,distribution,,,
500,0.95,180,0.8,50160,distribution,,,
500,0.95,180,1.2,50160,distribution,,,
500,0.95,180,1.6,50160,distribution,,,
500,0.95,180,2,50160,distribution,,,
500,0.95,240,0.4,37620,distribution,,,
500,0.95,240,0.8,37620,distribution,,,
500,0.95,240,1.2,37620,distribution,,,
500,0.95,240,1.6,37620,distribution,,,
500,0.95,240,2,37620,distribution,,,
500,0.95,300,0.4,30096,distribution,,,
500,0.95,300,0.8,30096,distribution,,,
500,0.95,300,1.2,30096,distribution,,,
500,0.95,300,1.6,30096,distribution,,,
500,0.95,300,2,30096,distribution,,,
500,1,180,0.4,52800,mixed,57.2,13.3,43.9
500,1,180,0.8,52800,mixed,110.2,13.1,97.1
500,1,180,1.2,52800,mixed,164.8,12.8,152
500,1,180,1.6,52800,mixed,219.3,12.2,207.1
500,1,180,2,52800,mixed,264.8,11.7,253.1
500,1,240,0.4,39600,mixed,58.7,15.4,43.3
500,1,240,0.8,39600,mixed,111.2,15.2,96
500,1,240,1.2,39600,mixed,165.7,15,150.7
500,1,240,1.6,39600,mixed,220.3,14.3,206
500,1,240,2,39600,mixed,266.3,13.7,252.6
500,1,300,0.4,31680,mixed,59.7,17.1,42.6
500,1,300,0.8,31680,mixed,112.5,17,95.5
500,1,300,1.2,31680,mixed,166.3,16.6,149.7
500,1,300,1.6,31680,mixed,220.8,15.9,204.9
500,1,300,2,31680,mixed,267.2,15.2,252
500,1.05,180,0.4,55440,mixed,85.2,38.4,46.8
500,1.05,180,0.8,55440,mixed,140.5,38.2,102.3
500,1.05,180,1.2,55440,mixed,197.5,37.9,159.6
500,1.05,180,1.6,55440,mixed,255.1,37.3,217.8
500,1.05,180,2,55440,mixed,302.7,36.7,266
500,1.05,240,0.4,41580,mixed,86,40.6,45.4
500,1.05,240,0.8,41580,mixed,141.5,40.4,101.1
500,1.05,240,1.2,41580,mixed,198.1,40.1,158
500,1.05,240,1.6,41580,mixed,255.7,39.5,216.2
500,1.05,240,2,41580,mixed,304.2,38.8,265.4
500,1.05,300,0.4,33264,mixed,87.5,42.4,45.1
500,1.05,300,0.8,33264,mixed,142.8,42.2,100.6
500,1.05,300,1.2,33264,mixed,199.6,41.9,157.7
500,1.05,300,1.6,33264,mixed,257.2,41.2,216
500,1.05,300,2,33264,mixed,305.1,40.4,264.7
500,1.1,180,0.4,58080,mixed,112.7,63.4,49.3
500,1.1,180,0.8,58080,mixed,170.8,63.4,107.4
500,1.1,180,1.2,58080,mixed,230.9,63,167.9
500,1.1,180,1.6,58080,mixed,290.5,62.4,228.1
500,1.1,180,2,58080,mixed,341.3,61.9,279.4
500,1.1,240,0.4,43560,mixed,114,65.8,48.2
500,1.1,240,0.8,43560,mixed,171.8,65.6,106.2
500,1.1,240,1.2,43560,mixed,231.4,65.3,166.1
500,1.1,240,1.6,43560,mixed,292,64.6,227.4
500,1.1,240,2,43560,mixed,342,63.9,278.1
500,1.1,300,0.4,34848,mixed,114.8,67.6,47.2
500,1.1,300,0.8,34848,mixed,173.1,67.4,105.7
500,1.1,300,1.2,34848,mixed,232.4,67,165.4
500,1.1,300,1.6,34848,mixed,292.8,66.4,226.4
500,1.1,300,2,34848,mixed,343.6,65.7,277.9
